Time (seconds),CO2 (ppm)
10,477
20,476
30,471
40,467
50,466
60,463
70,462
80,460
90,461
100,465
110,465
120,463
130,463
140,462
150,462
160,462
170,462
180,461
190,466
200,461
210,462
220,466
230,468
240,468
250,471
260,476
270,484
280,484
290,479
300,481
310,485
320,492
330,501
340,507
350,510
360,511
370,516
380,537
390,551
400,564
410,570
420,565
430,562
440,557
450,554
460,552
470,541
480,534
490,528
500,527
510,528
520,526
530,528
540,532
550,534
560,535
570,536
580,537
590,538
600,540
610,540
620,546
630,550
640,553
650,557
660,560
