Time (seconds),Temperature (C),Pressure (Pa),Humidity (%)
10,25.44,102368.14,63.75
20,25.42,102364.49,63.75
30,25.46,102369.49,63.91
40,25.48,102368.95,63.81
50,25.46,102372.97,63.76
60,25.46,102369.83,63.92
70,25.52,102370.82,64.02
80,25.50,102369.11,63.80
90,25.46,102367.28,63.76
100,25.43,102374.45,63.83
110,25.43,102372.91,63.86
120,25.42,102370.97,63.94
130,25.42,102370.97,63.95
140,25.37,102370.67,64.05
150,25.33,102372.38,63.95
160,25.31,102369.35,64.00
170,25.27,102364.67,64.14
180,25.31,102367.98,64.22
190,25.31,102365.15,64.12
200,25.29,102368.60,64.08
210,25.26,102370.55,64.19
220,25.28,102367.24,64.19
230,25.27,102369.01,64.21
240,25.25,102370.48,64.22
250,25.25,102372.46,64.28
260,25.29,102368.67,64.43
270,25.25,102369.28,64.30
280,25.20,102370.86,64.34
290,25.19,102374.44,64.43
300,25.19,102375.12,64.41
310,25.21,102372.57,64.48
320,25.25,102373.99,64.72
330,25.25,102377.13,64.47
340,25.22,102372.97,64.47
350,25.23,102370.68,64.43
360,25.25,102373.03,64.48
370,25.24,102372.39,64.50
380,25.23,102375.19,64.42
390,25.18,102373.42,64.40
400,25.21,102378.19,64.46
410,25.23,102376.14,64.48
420,25.23,102375.02,64.49
430,25.20,102380.24,64.50
440,25.23,102381.09,64.59
450,25.23,102382.62,64.47
460,25.21,102379.11,64.55
470,25.18,102380.07,64.51
480,25.19,102379.83,64.57
490,25.23,102381.16,64.94
500,25.24,102390.71,64.62
510,25.20,102380.75,64.50
520,25.19,102379.89,64.49
530,25.17,102382.83,64.52
540,25.15,102380.00,64.54
550,25.14,102380.78,64.60
560,25.15,102378.74,64.61
570,25.19,102383.07,64.73
580,25.20,102381.02,64.61
590,25.18,102378.97,64.57
600,25.16,102381.13,64.58
